{
  "src": [
    "majorscale.webm",
    "majorscale.mp3"
  ],
  "sprite": {
    "do": [
      0,
      2664.4897959183672
    ],
    "fa": [
      4000,
      2664.4897959183672
    ],
    "la": [
      8000,
      2664.4897959183672
    ],
    "mi": [
      12000,
      2664.4897959183672
    ],
    "re": [
      16000,
      2664.4897959183672
    ],
    "si": [
      20000,
      2664.4897959183672
    ],
    "sol": [
      24000,
      2664.4897959183672
    ]
  }
}